{
  "class_counts": [
    500,
    477,
    455,
    434,
    415,
    396,
    378,
    361,
    344,
    328,
    314,
    299,
    286,
    273,
    260,
    248,
    237,
    226,
    216,
    206,
    197,
    188,
    179,
    171,
    163,
    156,
    149,
    142,
    135,
    129,
    123,
    118,
    112,
    107,
    102,
    98,
    93,
    89,
    85,
    81,
    77,
    74,
    70,
    67,
    64,
    61,
    58,
    56,
    53,
    51,
    48,
    46,
    44,
    42,
    40,
    38,
    36,
    35,
    33,
    32,
    30,
    29,
    27,
    26,
    25,
    24,
    23,
    22,
    21,
    20,
    19,
    18,
    17,
    16,
    15,
    15,
    14,
    13,
    13,
    12,
    12,
    11,
    11,
    10,
    10,
    9,
    9,
    8,
    8,
    7,
    7,
    7,
    6,
    6,
    6,
    6,
    5,
    5,
    5,
    5
  ],
  "groups": {
    "few": [
      67,
      68,
      69,
      70,
      71,
      72,
      73,
      74,
      75,
      76,
      77,
      78,
      79,
      80,
      81,
      82,
      83,
      84,
      85,
      86,
      87,
      88,
      89,
      90,
      91,
      92,
      93,
      94,
      95,
      96,
      97,
      98,
      99
    ],
    "many": [
      0,
      1,
      2,
      3,
      4,
      5,
      6,
      7,
      8,
      9,
      10,
      11,
      12,
      13,
      14,
      15,
      16,
      17,
      18,
      19,
      20,
      21,
      22,
      23,
      24,
      25,
      26,
      27,
      28,
      29,
      30,
      31,
      32,
      33
    ],
    "medium": [
      34,
      35,
      36,
      37,
      38,
      39,
      40,
      41,
      42,
      43,
      44,
      45,
      46,
      47,
      48,
      49,
      50,
      51,
      52,
      53,
      54,
      55,
      56,
      57,
      58,
      59,
      60,
      61,
      62,
      63,
      64,
      65,
      66
    ]
  },
  "metrics": {
    "fid": {
      "all": [
        39.51177562344378
      ],
      "mean": 39.51177562344378,
      "std": 0.0
    },
    "group_fid": {
      "few": {
        "all": [
          59.737527087653234
        ],
        "mean": 59.737527087653234,
        "std": 0.0
      },
      "many": {
        "all": [
          42.37125632640385
        ],
        "mean": 42.37125632640385,
        "std": 0.0
      },
      "medium": {
        "all": [
          49.78502654824763
        ],
        "mean": 49.78502654824763,
        "std": 0.0
      }
    },
    "inception_score": {
      "all": [
        9.487317174121642
      ],
      "mean": 9.487317174121642,
      "std": 0.0
    },
    "kid": {
      "all": [
        0.02897243624752028
      ],
      "mean": 0.02897243624752028,
      "std": 0.0
    }
  },
  "provenance": {
    "compute_classwise_fid": false,
    "compute_recall": false,
    "conditional_diagnostics": false,
    "evaluator": "fm_lab.imbdiff",
    "evaluator_version": 1,
    "extended_metrics": [
      "inception_score",
      "group_fid"
    ],
    "fid_kid_compatibility": "ImbDiff-CM reference",
    "generated_cache": {
      "dataset": "cifar100",
      "evaluator_version": 1,
      "extractor": "tf_fid_inception_v3",
      "image_shape": [
        3,
        32,
        32
      ],
      "input_range": [
        -1.0,
        1.0
      ],
      "preprocessing": "scale_to_0_1_then_tf_fid_inception",
      "source_labels": "/root/autodl-tmp/runs/imbdiff_matrix60k/oc/samples/generated_labels.npy",
      "source_samples": "/root/autodl-tmp/runs/imbdiff_matrix60k/oc/samples/official_ddim.npy",
      "split": "generated",
      "weights_sha256": "6726825d0af5f729cebd5821db510b11b1cfad8faad88a03f1befd49fb9129b2"
    },
    "inception_splits": 10,
    "kid_subset_size": 1000,
    "kid_subsets": 100,
    "overall_samples": 10000,
    "per_class_recall": false,
    "real_cache": {
      "dataset": "cifar100",
      "dataset_metadata": {
        "class_counts": [
          500,
          500,
          500,
          500,
          500,
          500,
          500,
          500,
          500,
          500,
          500,
          500,
          500,
          500,
          500,
          500,
          500,
          500,
          500,
          500,
          500,
          500,
          500,
          500,
          500,
          500,
          500,
          500,
          500,
          500,
          500,
          500,
          500,
          500,
          500,
          500,
          500,
          500,
          500,
          500,
          500,
          500,
          500,
          500,
          500,
          500,
          500,
          500,
          500,
          500,
          500,
          500,
          500,
          500,
          500,
          500,
          500,
          500,
          500,
          500,
          500,
          500,
          500,
          500,
          500,
          500,
          500,
          500,
          500,
          500,
          500,
          500,
          500,
          500,
          500,
          500,
          500,
          500,
          500,
          500,
          500,
          500,
          500,
          500,
          500,
          500,
          500,
          500,
          500,
          500,
          500,
          500,
          500,
          500,
          500,
          500,
          500,
          500,
          500,
          500
        ],
        "dataset": "cifar100",
        "dequantize": false,
        "dim": 3072,
        "horizontal_flip": false,
        "image_shape": [
          3,
          32,
          32
        ],
        "image_value_range": [
          0.0,
          1.0
        ],
        "imbalance_factor": 1.0,
        "imbalance_ratio": 1.0,
        "imbalance_type": "balanced",
        "n_images": 50000,
        "name": "cifar100_lt",
        "num_classes": 100,
        "subset_seed": 0,
        "subset_sha256": "4370c3beb0ad4b438776e2570c2b4cb1a752ed1b0f9156b1447d90ef3609b307",
        "train": true
      },
      "evaluator_version": 1,
      "extractor": "tf_fid_inception_v3",
      "image_shape": [
        3,
        32,
        32
      ],
      "input_range": [
        0.0,
        1.0
      ],
      "preprocessing": "scale_to_0_1_then_tf_fid_inception",
      "split": "balanced_train",
      "weights_sha256": "6726825d0af5f729cebd5821db510b11b1cfad8faad88a03f1befd49fb9129b2"
    },
    "recall_k": 5,
    "require_balanced_generated": false,
    "seed": 0
  },
  "repeats": [
    {
      "classwise_recall": {},
      "fid": 39.51177562344378,
      "generated_class_counts": [
        100,
        100,
        100,
        100,
        100,
        100,
        100,
        100,
        100,
        100,
        100,
        100,
        100,
        100,
        100,
        100,
        100,
        100,
        100,
        100,
        100,
        100,
        100,
        100,
        100,
        100,
        100,
        100,
        100,
        100,
        100,
        100,
        100,
        100,
        100,
        100,
        100,
        100,
        100,
        100,
        100,
        100,
        100,
        100,
        100,
        100,
        100,
        100,
        100,
        100,
        100,
        100,
        100,
        100,
        100,
        100,
        100,
        100,
        100,
        100,
        100,
        100,
        100,
        100,
        100,
        100,
        100,
        100,
        100,
        100,
        100,
        100,
        100,
        100,
        100,
        100,
        100,
        100,
        100,
        100,
        100,
        100,
        100,
        100,
        100,
        100,
        100,
        100,
        100,
        100,
        100,
        100,
        100,
        100,
        100,
        100,
        100,
        100,
        100,
        100
      ],
      "group_fid": {
        "few": 59.737527087653234,